{"cameraMode":{"drawMode":0,"name":"Shaded","section":"Shading Mode"},"sceneLighting":true,"audioPlay":false,"sceneViewState":{"m_AlwaysRefresh":false,"showFog":true,"showSkybox":true,"showFlares":true,"showImageEffects":true,"showParticleSystems":true,"showVisualEffectGraphs":true,"m_FxEnabled":true},"in2DMode":false,"pivot":{"x":2.072094440460205,"y":-1.5526416301727296,"z":6.457633018493652},"rotation":{"x":0.10362651199102402,"y":0.16127966344356538,"z":-0.017033293843269349,"w":0.981311559677124},"size":11.93710708618164,"orthographic":false}